﻿{
  "status": "ok",
  "copyright": "ARSO, Agencija RS za okolje",
  "lon": "12.92",
  "forecast": {
    "y": 139,
    "x": 32,
    "updated": 1560117600,
    "data": [
      {
        "forecast_time": "2019-06-10 08:00",
        "clouds": 80,
        "rain": 0,
        "offset": 6
      },
      {
        "forecast_time": "2019-06-10 11:00",
        "clouds": 80,
        "rain": 0,
        "offset": 9
      },
      {
        "forecast_time": "2019-06-10 14:00",
        "clouds": 80,
        "rain": 0,
        "offset": 12
      },
      {
        "forecast_time": "2019-06-10 17:00",
        "clouds": 80,
        "rain": 0,
        "offset": 15
      },
      {
        "forecast_time": "2019-06-10 20:00",
        "clouds": 0,
        "rain": 0,
        "offset": 18
      },
      {
        "forecast_time": "2019-06-10 23:00",
        "clouds": 0,
        "rain": 0,
        "offset": 21
      },
      {
        "forecast_time": "2019-06-11 02:00",
        "clouds": 60,
        "rain": 0,
        "offset": 24
      },
      {
        "forecast_time": "2019-06-11 05:00",
        "clouds": 40,
        "rain": 0,
        "offset": 27
      },
      {
        "forecast_time": "2019-06-11 08:00",
        "clouds": 0,
        "rain": 0,
        "offset": 30
      },
      {
        "forecast_time": "2019-06-11 11:00",
        "clouds": 40,
        "rain": 0,
        "offset": 33
      },
      {
        "forecast_time": "2019-06-11 14:00",
        "clouds": 60,
        "rain": 0,
        "offset": 36
      },
      {
        "forecast_time": "2019-06-11 17:00",
        "clouds": 60,
        "rain": 0,
        "offset": 39
      },
      {
        "forecast_time": "2019-06-11 20:00",
        "clouds": 60,
        "rain": 0,
        "offset": 42
      },
      {
        "forecast_time": "2019-06-11 23:00",
        "clouds": 0,
        "rain": 1,
        "offset": 45
      },
      {
        "forecast_time": "2019-06-12 02:00",
        "clouds": 0,
        "rain": 2,
        "offset": 48
      },
      {
        "forecast_time": "2019-06-12 05:00",
        "clouds": 80,
        "rain": 0,
        "offset": 51
      },
      {
        "forecast_time": "2019-06-12 08:00",
        "clouds": 80,
        "rain": 0,
        "offset": 54
      },
      {
        "forecast_time": "2019-06-12 11:00",
        "clouds": 80,
        "rain": 0,
        "offset": 57
      },
      {
        "forecast_time": "2019-06-12 14:00",
        "clouds": 60,
        "rain": 0,
        "offset": 60
      },
      {
        "forecast_time": "2019-06-12 17:00",
        "clouds": 40,
        "rain": 0,
        "offset": 63
      },
      {
        "forecast_time": "2019-06-12 20:00",
        "clouds": 0,
        "rain": 0,
        "offset": 66
      },
      {
        "forecast_time": "2019-06-12 23:00",
        "clouds": 0,
        "rain": 0,
        "offset": 69
      },
      {
        "forecast_time": "2019-06-13 02:00",
        "clouds": 0,
        "rain": 0,
        "offset": 72
      }
    ]
  },
  "radar": {
    "updated": 1560149606,
    "rain_level": 0,
    "rain_mmph": 0.0,
    "updated_text": "2019-06-10 08:53",
    "y": 98,
    "x": 155
  },
  "lat": "47.05",
  "hailprob": {
    "y": 52,
    "updated_text": "2019-06-10 08:45",
    "updated": 1560149156,
    "hail_level": 0,
    "x": 5
  }
}